{
    "Fertilizer": 3,
    "Food": 0,
    "age": 408.0164489746094,
    "entertainment": 80.10343933105469,
    "hygiene": 39.20070266723633,
    "level": 2,
    "personality": 5,
    "rest": 70.28916931152344,
    "satiation": 29.196544647216797,
    "stage": 2
}